{"cameraMode":{"drawMode":0,"name":"Shaded","section":"Shading Mode"},"sceneLighting":true,"audioPlay":false,"sceneViewState":{"showFog":true,"showMaterialUpdate":false,"showSkybox":true,"showFlares":true,"showImageEffects":true,"showParticleSystems":true},"in2DMode":false,"pivot":{"x":19.800539016723634,"y":14.800376892089844,"z":-5.6721649169921879},"rotation":{"x":-0.6686225533485413,"y":0.08475520461797714,"z":-0.07714291661977768,"w":-0.7347586154937744},"size":50.343746185302737,"orthographic":false}