{"cameraMode":{"drawMode":0,"name":"Shaded","section":"Shading Mode"},"sceneLighting":true,"audioPlay":false,"sceneViewState":{"showFog":true,"showMaterialUpdate":false,"showSkybox":true,"showFlares":true,"showImageEffects":true,"showParticleSystems":true},"in2DMode":false,"pivot":{"x":1.1295151710510255,"y":2.8899941444396974,"z":-7.091011047363281},"rotation":{"x":-0.21193131804466248,"y":0.49624261260032656,"z":-0.12634672224521638,"w":-0.8323882222175598},"size":6.356814384460449,"orthographic":false}